Name,Prices for next 12 months,Distance (in kms)
Lux design 2BD near Theater District Chicago by C9,"403,395,326,326,326,326,326,367,355,326,326,504,504,504,504,504,504,504,504,220,220,309,306,220,220,220,220,220,282,290,220,220,220,220,220,314,314,220,220,220,220,220,311,330,220,220,220,220,220,308,301,220,220,220,220,220,323,326,220,220,220,220,231,481,481,367,220,220,220,238,361,360,227,220,220,300,300,499,480,300,300,300,300,300,599,638,355,300,300,300,520,780,780,342,306,311,322,359,536,536,359,322,324,331,385,642,653,395,324,334,336,422,703,724,377,330,332,340,412,615,565,380,333,331,343,387,564,564,383,352,383,392,393,633,604,416,418,418,428,586,898,921,565,432,439,494,500,746,746,510,448,454,465,628,922,890,528,468,470,485,541,922,922,911,483,491,501,971,1237,1237,1119,712,675,684,832,1237,1237,832,685,679,695,775,1221,1146,775,681,684,700,781,1237,1237,782,686,689,705,846,1237,1237,1237,1237,771,709,791,1170,1193,791,693,698,713,828,1237,1237,846,698,730,718,801,1237,1183,801,702,706,722,805,1237,1237,805,706,529,599,865,922,922,670,529,532,543,606,922,922,661,542,556,567,608,898,897,606,532,556,541,603,891,890,601,522,525,536,626,922,922,922,518,520,532,587,868,867,586,514,512,522,597,922,922,689,555,532,518,573,846,837,565,492,494,500,557,815,814,545,502,513,562,1383,1383,1383,1383,1383,511,546,576,810,762,515,447,449,454,506,740,739,495,433,431,440,486,718,709,479,420,417,380,423,625,624,444,385,406,415,462,650,611,413,362,364,371,409,604,604,408,357,360,513,573,753,753,408,357,1038,1038,1038,1038,624,426,357,435,528,501,743,743,502,440,360,367,409,612",0.15
"Trendy Loop Studio w/ Gym, W/D & Pool, near Willis Tower, by Blueground","73,73,73,73,73,73,73,73,73,73,73,73,73,73,73,73,73,73,73,73,73,73,73,73,73,73,73,73,73,73,73,73,73,73,73,73,73,73,73,73,73,73,73,73,73,73,73,81,81,81,81,81,81,81,81,81,81,81,81,81,81,81,81,81,81,81,81,81,81,81,81,81,81,81,81,84,84,84,84,84,84,84,84,84,84,84,84,84,84,84,84,84,84,84,84,84,84,84,84,84,84,84,84,84,84,84,97,97,97,97,97,97,97,97,97,97,97,97,97,97,97,97,97,97,97,97,97,97,97,97,97,97,97,97,97,97,111,111,111,111,111,111,111,111,111,111,111,111,111,111,111,111,111,111,111,111,111,111,111,111,111,111,111,111,111,111,111,123,123,123,123,123,123,123,123,123,123,123,123,123,123,123,123,123,123,123,123,123,123,123,123,123,123,123,123,123,123,125,125,125,125,125,125,125,125,125,125,125,125,125,125,125,125,125,125,125,125,125,125,125,125,125,125,125,125,125,125,125,127,127,127,127,127,127,127,127,127,127,127,127,127,127,127,127,127,127,127,127,127,127,127,127,127,127,127,127,127,127,127,132,132,132,132,132,132,132,132,132,132,132,132,132,132,132,132,132,132,132,132,132,132,132,132,132,132,132,132,132,132,125,125,125,125,125,125,125,125,125,125,125,125,125,125,125,125,125,125,125,125,125,125,125,125,125,125,125,125,125,125,125,128,128,128,128,128,128,128,128,128,128,128,128,128,128,128,128,128,128,128,128,128,128,128,128,128,128,128,128,128,128,73,73,73,73,73,73,73,73,73,73,73,73,73,73,73",0.17
Million Dollar Views! Luxury Downtown Skyhouse!,"1987,450,450,450,450,450,450,481,509,488,519,507,617,604,671,743,468,487,483,452,450,496,492,450,450,450,450,450,550,552,450,450,450,450,450,485,489,450,450,450,450,450,450,450,450,450,450,450,450,502,492,450,450,450,450,450,450,450,450,450,450,450,450,714,714,715,450,450,450,497,601,592,478,450,451,450,489,530,559,456,450,465,480,650,940,981,589,539,547,552,849,949,1028,559,567,584,594,619,804,814,586,594,606,649,708,890,934,641,709,722,623,646,688,695,618,613,623,629,658,811,809,622,618,620,631,646,784,791,627,628,641,643,696,790,809,654,655,662,667,819,948,971,678,677,687,698,711,783,802,712,701,719,723,815,965,979,734,730,743,764,858,1269,1270,1272,754,773,783,1052,1890,1987,1150,795,789,794,864,1161,1207,703,666,818,809,825,912,901,804,794,807,812,827,936,949,805,802,812,817,867,1728,1729,1731,1732,902,875,840,920,925,820,809,821,828,992,1123,1141,905,816,844,850,898,982,996,831,831,847,840,854,1017,1056,837,828,841,885,1100,1398,1457,928,830,842,853,894,1050,1089,844,836,845,851,869,1038,1043,866,837,845,849,896,937,940,837,819,831,838,947,1723,1723,1723,813,824,830,839,974,998,816,805,809,816,970,1087,1088,858,792,802,809,814,912,884,789,770,781,780,793,861,867,759,749,806,607,1198,1727,1778,1569,1174,885,848,786,808,804,717,702,710,708,720,777,782,688,679,686,687,701,807,793,707,658,683,658,669,726,733,653,637,678,651,682,741,719,641,689,639,663,650,703,709,651,624,632,887,887,887,887,632,625,653,638,658,703,714,632,624,632,637,648,703,710,632,623,632,673,647,751",0.3
Stunning Corner 2BR in the Loop | City & Lake Views,"404,429,177,177,177,156,156,232,266,266,202,225,225,177,494,522,224,238,223,198,210,269,283,167,156,156,156,156,265,356,283,156,156,156,206,292,364,288,186,177,179,256,317,395,322,221,198,203,269,329,403,327,233,214,240,294,378,422,352,257,240,270,340,769,793,675,294,245,270,302,448,458,320,279,270,292,332,483,486,341,290,288,302,335,492,494,352,288,303,323,403,574,576,441,352,389,411,423,546,554,440,309,351,371,359,452,506,347,316,358,374,383,506,515,370,355,359,367,382,510,504,373,345,346,337,371,496,473,341,283,290,284,342,491,499,361,298,323,303,353,553,551,333,266,342,541,538,592,584,386,305,356,357,414,620,620,397,390,399,411,451,638,653,565,541,411,416,510,731,737,540,583,409,530,640,791,787,572,607,604,442,500,612,674,537,525,603,481,529,608,653,463,419,530,449,528,698,766,678,500,540,464,490,614,635,384,364,398,408,447,614,635,402,411,427,447,482,614,635,413,424,423,451,455,614,635,414,412,432,551,717,777,767,707,415,405,435,401,479,539,474,375,379,409,377,465,464,412,392,382,403,373,455,466,385,380,352,416,430,510,568,436,445,340,352,362,442,499,398,382,408,436,485,643,705,552,400,384,410,462,542,608,438,346,341,392,456,574,608,433,354,341,399,711,1123,1271,1045,583,364,473,474,607,653,477,430,408,437,505,652,696,505,431,416,402,463,598,624,404,362,356,270,359,598,670,346,242,250,302,428,733,702,575,375,354,255,372,541,543,342,467,456,636,772,757,778,572,491,493,311,380,510,647,398,356,428,311,351,437,482,295,215,263,297,327,360",0.37
Stylish Corner 2BR in the Loop | City & Lake Views,"390,354,198,198,198,198,198,437,266,286,218,198,208,225,500,359,260,231,210,186,196,277,293,156,156,156,156,226,305,356,283,177,177,177,206,292,364,288,186,177,179,256,317,395,322,221,198,203,269,329,403,327,233,214,240,294,378,422,352,257,240,270,340,769,793,675,294,245,270,302,448,458,320,279,270,292,332,483,486,341,290,288,302,335,492,494,352,288,303,323,403,574,576,441,352,389,411,423,546,554,440,309,351,371,359,452,453,347,316,358,374,383,490,500,370,355,329,336,382,523,510,345,332,346,337,371,473,462,341,283,290,284,342,531,496,361,298,323,328,372,529,499,370,295,342,541,574,554,537,386,305,356,357,414,612,603,397,390,399,411,451,638,653,550,541,386,395,555,801,788,574,602,437,589,640,737,731,601,623,604,442,500,613,621,537,525,603,481,529,580,597,463,419,530,449,528,698,766,636,500,540,464,490,481,449,384,364,398,408,447,439,451,402,411,427,447,482,472,536,413,424,423,451,455,492,568,432,434,432,551,717,777,767,707,415,405,435,401,479,539,474,375,379,409,377,465,464,412,392,382,403,373,455,466,385,380,352,416,430,510,568,436,445,340,352,362,442,499,398,382,408,436,485,643,705,552,400,384,410,462,542,608,438,346,341,392,456,574,608,433,354,341,399,711,1123,1271,1045,583,364,473,474,607,653,477,430,408,437,505,652,696,505,431,416,402,463,598,624,404,362,356,270,359,598,670,346,242,250,302,428,733,702,575,375,354,255,372,541,543,342,467,456,636,772,757,778,572,491,493,311,380,510,647,398,356,428,311,351,437,482,295,215,263,297,327,360",0.37
Sonder Jewelers Row | Two-Bedroom Apartment,"397,220,247,126,136,154,128,271,231,203,230,227,222,199,399,479,240,150,115,80,123,239,228,144,128,99,108,125,192,237,163,115,104,137,202,208,105,79,105,107,112,138,225,211,98,99,99,165,188,170,268,328,195,197,172,111,139,200,153,181,182,148,171,185,198,144,160,161,161,144,226,240,174,131,132,159,179,226,306,226,166,138,139,216,292,317,231,220,221,222,476,532,572,512,187,187,187,222,282,301,217,194,194,194,222,282,567,433,341,437,327,302,600,650,527,360,360,360,418,733,794,409,304,304,304,466,486,532,373,334,256,256,294,379,855,581,511,511,511,596,379,408,287,256,352,352,403,524,771,529,415,315,315,267,500,541,374,473,341,341,706,659,703,464,380,380,264,797,1074,1349,506,321,293,293,478,934,704,442,383,264,264,228,309,437,290,381,381,381,405,547,459,379,330,330,330,371,604,1457,962,378,359,287,262,257,385,350,303,336,244,290,391,426,282,244,161,161,290,391,426,282,244,244,372,442,596,650,304,257,257,642,761,1027,1120,761,161,161,161,190,257,280,190,161,244,244,419,821,895,419,354,232,232,276,372,406,190,161,161,161,190,257,406,276,232,161,161,190,257,280,399,337,337,337,399,257,280,190,161,161,161,190,257,280,190,161,161,161,190,257,280,190,161,209,627,742,1525,1663,1638,627,161,161,290,391,426,190,161,161,161,190,257,280,190,161,161,161,190,257,280,190,161,161,161,190,372,406,190,161,161,161,190,257,280,276,232,232,232,276,372,280,190,161,161,161,190,257,280,190,161,161,161,190,257,280,190,161,161,161,190,257,280,190,161,161,161,190,257",0.39
Sonder Jewelers Row | Superior Two-Bedroom Apartment,"474,230,199,132,139,186,147,298,247,178,209,251,297,388,443,780,277,164,120,83,131,282,244,153,136,107,107,128,228,254,176,125,111,109,152,227,112,83,120,123,118,114,157,152,105,106,107,176,203,186,249,321,174,174,160,118,151,213,167,194,195,161,187,191,207,150,170,171,171,152,243,263,189,136,137,170,193,247,334,243,179,147,149,234,319,343,249,239,240,241,512,576,623,555,201,201,201,239,303,325,234,209,209,209,239,304,617,469,372,372,281,325,570,618,323,211,211,211,249,465,507,243,279,279,279,399,527,577,404,360,277,277,317,411,720,487,430,430,430,501,411,444,311,277,380,380,436,571,845,574,453,343,343,288,544,590,405,516,370,370,767,721,772,508,419,419,291,873,1090,1369,514,351,322,322,524,1027,773,482,422,291,291,249,338,480,317,419,419,419,444,601,503,417,361,361,361,406,665,1601,1051,416,394,315,286,282,423,384,334,369,268,317,429,468,309,268,176,176,317,429,468,309,268,268,409,483,654,714,333,282,282,706,833,1129,1230,833,176,176,176,208,282,307,208,176,268,268,460,902,984,460,389,256,256,302,409,446,208,176,176,176,208,282,446,302,256,176,176,208,282,307,439,371,371,371,439,282,307,208,176,176,176,208,282,307,208,176,176,176,208,282,307,208,176,229,688,812,1675,1826,1793,688,176,176,317,429,468,208,176,176,176,208,282,307,208,176,176,176,208,282,307,208,176,176,176,208,409,446,208,176,176,176,208,282,307,302,256,256,256,302,409,307,208,176,176,176,208,282,307,208,176,176,176,208,282,307,208,176,176,176,208,282,307,208,176,176,176,208,282",0.39
Sonder Jewelers Row | Studio Apartment,"200,187,139,135,134,127,142,159,185,153,173,212,164,151,235,433,163,197,110,118,100,146,191,166,193,116,119,115,204,259,187,111,112,116,133,149,149,120,118,128,127,146,114,125,92,113,115,135,146,184,179,122,142,144,147,123,182,192,115,118,122,120,137,169,188,135,126,126,116,130,162,170,127,116,108,165,188,240,235,169,174,144,145,180,217,195,149,163,163,163,340,344,335,291,133,138,138,159,159,200,184,160,160,160,145,181,221,275,216,216,216,249,328,354,244,216,216,293,269,355,313,217,292,216,216,248,324,280,194,172,172,260,303,399,313,217,138,248,248,290,278,300,217,192,260,260,215,275,298,206,183,132,168,194,264,285,280,247,247,228,255,427,545,359,221,299,180,319,879,826,478,300,260,369,337,247,383,251,219,208,190,227,322,351,230,200,200,199,166,305,333,275,238,175,175,210,440,561,335,292,292,164,194,291,317,296,182,182,182,215,291,257,253,219,219,219,123,166,257,169,147,147,236,279,265,411,279,236,236,414,490,664,723,490,104,154,154,183,236,383,369,219,219,147,174,216,235,160,201,201,201,238,247,269,123,104,104,104,123,236,257,174,147,104,147,174,236,257,123,134,190,190,226,306,235,160,174,174,174,207,216,235,160,134,104,104,123,166,181,123,104,104,441,678,1305,1419,964,573,134,190,226,216,235,123,104,104,104,123,166,181,123,147,147,147,174,236,257,123,104,147,147,174,166,181,123,104,104,104,123,166,181,174,147,147,147,174,236,181,123,104,104,104,123,216,235,160,134,134,134,160,216,181,123,104,104,104,123,166,181,123,104,104,104,123,166",0.39
Sonder The Plymouth | Three-Bedroom Apartment,"426,424,180,173,266,157,197,397,434,309,250,348,284,317,471,575,247,144,127,139,248,284,184,169,97,108,147,212,333,247,201,95,114,112,172,243,258,164,119,125,117,167,226,291,213,200,173,171,259,170,178,109,100,136,142,238,278,235,125,126,126,294,369,508,254,188,136,138,154,185,216,319,234,221,222,279,393,403,459,344,307,266,205,328,468,505,302,411,256,256,423,548,595,411,219,219,219,248,304,268,206,244,244,240,314,436,576,331,350,440,464,395,610,519,428,379,236,434,505,519,477,437,458,458,458,529,535,335,376,336,336,336,393,422,590,404,356,356,356,352,473,391,258,281,271,380,440,804,671,632,281,281,397,338,590,639,437,236,236,236,324,562,817,538,340,358,247,488,954,1200,690,412,340,340,584,573,626,386,340,247,247,403,733,801,528,324,174,253,434,585,626,271,324,324,311,362,709,775,924,411,411,452,278,543,776,354,211,211,281,317,427,466,307,306,306,236,279,376,514,339,295,207,467,576,777,847,576,374,374,1061,1256,1696,1850,1256,236,236,236,279,376,596,279,236,341,341,405,545,864,586,476,631,403,362,344,535,362,306,341,236,279,545,411,279,166,166,166,197,376,411,279,236,236,166,197,376,411,279,236,236,236,197,376,411,279,236,166,166,197,265,290,405,341,341,498,837,2373,2592,1759,1004,335,335,279,376,411,279,166,166,166,197,376,411,279,166,166,166,197,376,411,279,166,166,166,197,376,411,279,166,166,166,197,376,411,279,166,166,166,197,376,411,279,166,166,166,197,376,411,279,166,166,166,197,376,411,279,166,166,166,197,376,411,279,166,166,166,197,376",0.46
Sonder The Plymouth | Four-Bedroom Apartment,"505,363,265,163,194,145,225,366,493,376,491,383,439,359,596,604,268,247,161,204,142,225,194,144,114,89,93,124,304,333,183,92,96,97,146,230,249,193,217,157,157,262,262,281,221,231,232,145,321,292,312,172,156,156,141,169,199,300,225,202,197,152,260,491,486,302,167,168,169,198,225,242,231,211,211,262,417,812,464,342,189,154,161,312,434,468,278,195,261,422,826,1069,556,392,292,371,371,315,362,388,414,239,239,239,343,369,537,377,419,419,495,769,971,1107,445,394,394,520,605,676,546,377,406,415,415,610,444,478,337,300,237,319,562,1088,1180,1077,706,543,791,692,1232,598,346,306,306,334,538,710,950,459,295,295,295,471,874,1287,612,538,386,319,272,912,1290,1341,390,390,186,386,1099,1379,789,278,333,349,571,1185,1290,770,232,232,319,379,701,763,403,254,254,534,634,659,719,295,256,256,254,302,1242,1355,1114,461,461,507,303,561,884,584,507,507,349,603,592,804,530,317,317,461,547,741,555,268,186,186,837,994,1346,1465,994,837,837,837,994,1346,2124,1441,269,269,186,464,910,993,320,186,186,411,487,659,719,336,269,269,269,320,433,472,336,283,283,283,221,455,496,336,269,269,391,464,433,472,464,269,269,269,464,433,472,320,186,391,391,464,628,472,221,186,186,186,221,299,325,336,283,283,558,961,1886,2053,1393,809,186,186,221,299,325,221,186,186,186,221,299,325,221,186,186,186,221,299,472,320,269,269,186,221,299,325,221,186,186,186,221,299,325,221,186,186,186,221,299,325,221,186,186,269,320,433,472,221,186,186,186,221,299,325,221,186,186,186,221,299,325,221,186,186,186,221,299",0.46
Sonder The Plymouth | Superior Three-Bedroom Apartment,"468,184,119,213,294,207,178,273,347,445,211,456,324,361,471,599,299,169,128,142,261,297,184,170,98,145,124,201,276,247,201,95,114,112,172,243,290,184,142,125,117,167,228,291,223,220,185,182,259,170,178,109,100,136,142,238,278,235,125,126,126,294,369,508,254,188,136,138,154,185,216,319,234,221,222,279,393,403,459,344,307,266,205,365,666,720,422,472,256,256,423,548,595,411,219,219,219,248,304,299,229,244,244,240,314,436,576,331,350,440,590,502,610,519,428,379,516,434,505,519,477,437,458,458,458,529,535,335,376,336,336,336,393,422,590,404,356,356,356,554,729,610,418,281,271,380,440,804,671,632,281,281,397,338,590,639,437,514,514,514,324,562,817,538,340,358,247,488,954,1200,690,566,340,340,584,787,860,386,340,247,247,403,733,801,528,324,174,253,434,585,626,271,324,324,311,759,2041,2229,924,411,411,452,278,543,776,354,211,211,281,483,650,709,468,399,399,307,362,709,514,339,295,207,467,576,777,847,576,374,374,1061,1256,1696,1850,1256,236,236,236,279,376,596,279,236,341,341,405,545,864,586,476,631,435,362,344,535,362,306,341,236,279,545,411,279,166,166,166,197,376,411,279,236,236,166,197,376,411,279,236,236,236,197,376,411,279,236,166,166,197,265,290,405,341,341,498,837,2373,2592,1759,1004,335,335,279,376,411,279,166,166,166,197,376,411,279,166,166,166,197,376,411,279,166,166,166,197,376,411,279,166,166,166,197,376,411,279,166,166,166,197,376,411,279,166,166,166,197,376,411,279,166,166,166,197,376,411,279,166,166,166,197,376,411,279,166,166,166,197,376",0.46
Sonder The Plymouth | Spacious Three-Bedroom Apartment,"225,290,191,166,166,237,163,228,285,253,220,261,271,280,429,533,294,163,120,127,167,226,246,155,99,148,200,207,245,246,179,100,118,118,178,191,208,135,134,123,117,171,231,297,229,224,188,188,169,227,248,112,101,117,119,154,181,238,129,130,127,129,167,226,257,191,137,139,157,190,218,290,191,166,166,166,197,227,464,350,313,273,210,370,675,729,429,481,261,261,317,427,466,293,143,143,143,151,204,304,236,159,159,159,318,265,290,191,166,166,166,508,448,376,248,216,306,236,279,376,482,272,166,166,166,197,265,340,242,217,217,217,399,427,290,191,166,166,166,197,265,615,424,286,277,166,197,265,290,191,217,217,166,197,265,290,191,324,324,324,197,265,411,272,236,236,247,197,376,411,394,236,166,166,197,787,860,386,166,166,166,197,376,411,271,236,174,166,197,265,290,271,236,236,226,197,265,290,239,216,216,216,278,265,290,191,211,211,166,197,265,290,191,236,236,307,362,489,290,191,166,207,467,576,777,847,576,374,374,747,884,1194,1303,884,166,166,166,279,376,290,197,166,166,166,405,545,596,405,335,236,236,197,265,411,279,236,166,166,197,265,411,279,166,166,166,197,265,290,197,166,166,166,197,265,290,197,166,166,166,197,265,290,197,166,166,166,197,265,290,197,166,166,498,590,1129,1233,837,498,166,166,197,376,411,279,166,166,166,197,376,411,279,166,166,166,197,376,411,279,166,166,166,197,376,411,279,166,166,166,197,376,411,279,166,166,166,197,376,411,279,166,166,166,197,376,411,279,166,166,166,197,376,411,279,166,166,166,197,376,411,279,166,166,166,197,376",0.46
Sonder The Plymouth | Two-Bedroom Apartment,"258,107,180,130,222,268,185,191,217,304,303,103,124,114,343,282,201,215,213,200,104,265,204,106,85,82,87,156,181,127,94,133,133,182,219,180,223,187,169,144,117,122,142,151,119,134,135,178,181,136,213,165,157,149,130,171,197,212,167,151,187,187,171,230,201,189,172,197,199,234,237,249,198,148,155,193,175,239,258,203,185,152,147,205,237,256,159,170,170,178,359,348,431,229,154,155,179,201,264,281,166,156,167,132,215,235,352,243,219,220,220,251,434,468,416,278,278,387,276,476,515,353,398,279,279,385,408,339,238,256,333,333,327,423,428,296,277,277,365,422,417,369,191,240,240,240,379,500,387,268,240,172,172,336,428,461,336,300,300,374,251,432,424,280,178,244,336,456,1335,1117,639,313,272,272,441,596,685,226,272,272,272,234,283,309,203,178,178,222,262,356,389,256,306,339,272,321,433,473,565,358,247,198,209,283,309,203,178,222,222,262,354,386,232,203,163,163,191,259,283,256,224,224,419,358,485,407,276,235,235,235,690,932,1018,690,169,169,285,338,456,496,338,317,317,188,337,458,344,153,130,130,130,153,207,328,222,188,273,188,222,300,226,234,198,198,198,234,207,226,222,188,188,188,153,269,294,200,169,169,169,200,207,226,153,130,130,130,153,207,226,153,130,130,390,460,1172,1279,866,507,245,245,290,300,226,153,130,130,130,153,207,226,153,130,130,188,222,300,328,222,188,130,130,153,207,226,153,130,130,130,153,207,294,200,169,169,169,200,269,226,153,130,130,130,153,269,294,200,169,169,169,200,269,226,153,130,130,130,153,207,226,153,130,130,130,153,207",0.46
"DOWNTOWN PENTHOUSE #1 Vintage 2BD/1BA Grank Park, Museums","223,140,195,183,184,185,195,256,293,271,260,258,180,180,290,290,217,120,120,120,167,160,160,164,120,120,120,159,182,183,158,120,120,120,154,177,179,156,146,145,146,155,177,179,156,146,145,148,231,274,276,196,148,147,150,196,274,254,160,152,149,152,161,265,265,258,154,154,154,165,238,239,167,156,156,159,169,246,248,173,167,170,173,182,263,265,189,181,182,183,238,276,282,199,191,192,195,206,293,298,209,199,198,199,211,295,302,214,199,200,201,213,300,307,216,201,200,201,213,302,308,216,201,198,201,213,302,308,216,203,202,203,218,308,317,222,209,208,209,271,317,326,229,215,214,217,231,329,335,238,221,222,224,239,338,348,244,229,228,232,246,422,422,410,236,236,238,252,357,367,257,240,238,240,256,363,370,259,242,240,242,256,363,370,259,242,240,242,256,363,370,259,242,240,242,256,553,553,538,516,240,242,256,363,371,259,242,240,242,256,363,371,259,242,240,242,256,363,371,287,242,240,242,160,210,210,160,140,140,140,160,210,210,160,140,140,140,160,210,210,160,140,140,140,160,210,210,160,140,140,140,160,210,210,160,140,140,140,160,210,210,160,140,140,140,160,210,210,160,140,140,140,160,210,210,160,140,140,140,160,210,210,160,140,140,140,160,210,210,160,140,140,140,160,210,210,160,140,140,140,160,210,210,160,140,140,140,160,210,210,160,140,140,140,160,210,210,160,140,140,140,160,210,210,160,140,140,140,160,210,210,160,140,140,140,160,210,210,160,140,140,140,160,210,210,160,140,140,140,160,210,210,160,140,140,140,160,210,210,160,140,140,140,160,210",0.47
Modern Chic Downtown!,"399,399,399,399,399,399,399,399,399,399,399,399,399,399,399,399,399,399,399,399,399,399,399,399,399,399,399,399,399,399,249,249,249,249,249,249,249,249,249,249,249,249,249,249,249,249,249,399,399,399,399,399,150,150,150,399,399,399,150,150,150,150,150,150,150,150,150,150,150,150,150,150,150,150,150,150,150,150,150,150,150,150,150,150,150,150,150,150,150,150,150,150,150,150,150,150,150,150,150,150,150,150,150,150,150,150,150,150,150,150,150,150,150,150,150,150,299,299,299,299,299,299,299,299,299,299,299,299,299,299,299,299,299,299,299,299,299,299,299,299,299,299,299,299,299,299,299,399,399,399,399,399,399,399,399,399,399,399,399,399,399,399,399,399,399,399,399,399,399,399,399,399,399,399,399,399,399,399,399,399,399,399,399,399,399,399,399,399,399,399,399,399,399,399,399,399,399,399,399,399,399,399,399,399,399,399,399,399,399,399,399,399,399,399,399,399,399,399,399,399,399,399,399,399,399,399,399,399,399,399,399,399,399,399,399,399,399,399,399,399,399,399,399,399,399,399,399,399,399,399,399,399,399,399,399,399,399,399,399,399,399,399,399,399,399,399,399,399,399,399,399,399,399,399,399,399,399,399,399,399,399,399,399,399,399,399,399,399,399,399,399,399,399,399,399,399,399,399,399,399,399,399,399,399,399,399,399,399,399,399,399,399,399,399,399,399,399,399,399,399,399,399,399,399,399,399,399,399,399,399,399,399,399,399,399,399,399,399,399,399,399,399,399,399,399,399,399,399,399,399,399,399,399,399,399,399,399,399,399,399,399,399,399,399,399",0.59
Stylish Corner 2 Bedroom in the Heart of Chicago | Roof Deck,"395,425,174,174,174,174,174,364,364,364,180,199,200,216,577,494,289,236,214,190,200,343,333,234,174,174,174,197,288,334,238,174,174,174,195,274,344,241,174,174,174,234,299,373,304,207,187,192,254,310,381,309,222,201,226,277,356,398,332,242,226,255,320,724,747,637,278,231,254,285,423,431,302,264,255,274,314,456,458,321,272,272,266,301,465,465,332,271,285,304,380,540,542,416,331,367,387,398,493,507,414,292,311,306,338,503,506,292,285,308,337,362,493,505,324,323,338,346,360,489,467,308,326,327,318,350,433,421,307,242,274,268,322,525,431,327,280,304,308,350,568,520,349,278,323,511,508,545,543,364,288,360,362,392,584,604,383,369,376,387,412,615,655,583,510,386,374,472,647,701,540,566,371,500,605,695,690,540,572,570,387,445,639,659,507,454,554,454,499,622,641,436,395,500,410,460,664,694,628,454,491,437,463,609,624,362,343,376,384,422,609,624,378,387,401,421,455,609,624,390,400,382,399,429,604,624,387,398,396,500,676,733,724,656,382,381,410,379,598,624,446,354,358,385,355,598,624,388,370,360,379,351,598,624,363,358,331,381,380,480,536,412,419,320,332,342,418,471,374,360,385,410,457,606,663,519,377,362,388,436,511,574,414,327,322,370,430,541,574,407,334,320,376,670,1060,1199,986,550,344,446,448,572,615,449,406,384,410,477,614,656,477,406,393,380,437,565,588,381,344,334,254,338,564,631,327,229,237,284,401,692,662,541,352,335,242,351,510,512,322,440,430,600,726,712,734,539,463,464,294,359,480,611,375,334,405,294,332,413,455,279,202,248,280,308,341",0.68
Stunning 3BR Penthouse in the Loop | Roof Deck,"694,240,245,203,260,260,593,676,711,705,260,289,266,289,750,957,398,234,260,219,213,545,520,208,208,208,208,248,416,520,208,208,208,208,215,442,546,299,208,208,208,281,518,593,382,250,224,208,327,520,598,431,314,293,278,379,572,676,467,344,330,311,423,966,1035,844,344,297,288,360,687,707,356,289,285,319,421,730,738,403,304,297,323,411,751,745,437,318,334,394,474,800,790,575,429,483,529,546,778,786,560,363,434,482,475,705,751,409,353,429,467,445,724,737,468,434,445,462,500,754,762,473,416,398,378,454,728,734,412,314,295,278,418,811,766,445,312,366,372,476,813,839,485,311,401,665,740,806,858,498,343,451,434,493,864,901,503,467,496,510,568,883,1014,780,697,496,518,700,910,1020,722,723,518,716,828,1040,1094,749,711,754,506,607,974,1034,689,614,721,510,687,936,962,567,465,687,553,731,1073,1152,927,631,745,600,664,895,919,525,419,486,558,645,910,933,583,530,545,640,694,910,936,602,589,539,636,646,910,936,572,595,526,731,969,1118,1092,913,542,501,578,576,858,910,591,446,454,520,537,858,910,550,477,492,543,558,858,910,542,467,441,540,582,750,808,602,543,401,456,508,662,710,530,471,501,578,676,973,1014,771,520,494,549,653,814,843,572,467,420,506,608,830,837,558,481,438,518,935,1526,1701,1354,792,506,624,626,824,887,604,578,561,584,676,882,932,654,589,583,552,639,830,809,506,481,471,350,465,816,856,398,281,296,386,544,982,912,697,449,441,352,479,732,716,386,563,585,861,1010,1014,1002,670,590,622,408,501,704,823,454,445,575,393,479,643,621,333,271,361,343,414,556",0.69
Beautiful Corner 2 Bedroom in the Loop | Roof Deck,"432,463,184,184,184,184,184,219,229,555,218,240,241,184,416,489,327,268,243,216,226,288,305,196,184,192,189,233,292,360,304,184,184,184,222,311,390,296,184,186,184,265,340,423,345,236,212,218,290,352,433,350,251,228,255,316,404,452,378,275,256,289,362,823,848,722,315,263,289,324,479,489,343,299,290,312,356,517,520,364,308,308,302,342,507,503,377,283,316,346,431,613,615,473,376,416,440,452,585,593,471,331,376,397,384,484,485,370,337,383,401,411,555,560,398,379,384,393,409,556,548,400,370,372,361,398,503,490,364,304,310,304,366,513,515,386,320,346,351,399,612,583,396,316,367,579,614,621,605,413,327,408,411,444,650,673,435,420,426,440,482,683,698,614,579,439,447,546,803,820,578,623,468,631,686,812,806,644,668,647,474,536,662,724,576,563,645,515,566,633,700,496,449,567,480,565,747,820,724,536,578,498,526,640,666,411,388,427,437,479,640,666,430,440,456,479,516,640,666,441,454,454,481,486,640,666,462,464,462,589,767,831,822,758,445,433,465,430,640,666,506,402,406,438,403,640,666,441,420,409,431,399,640,666,412,407,377,432,431,545,608,468,476,362,377,387,474,535,425,409,437,465,519,688,754,591,429,412,439,496,580,649,470,372,366,420,488,614,653,462,378,364,426,761,1203,1362,1118,623,390,506,508,648,699,510,460,437,468,540,697,745,542,461,447,431,497,640,668,433,389,380,289,385,641,717,372,258,269,322,456,785,750,616,400,381,274,398,580,582,367,501,488,680,824,811,832,612,527,527,333,407,545,694,425,380,458,333,377,468,516,317,229,281,319,351,386",0.69
"Dreamy Loop 2BR w/ Lounge & Roof, nr Riverwalk, by Blueground","114,114,114,114,114,114,114,114,114,114,114,114,114,114,114,114,114,114,114,114,114,114,114,114,114,114,114,114,114,114,114,114,114,114,114,114,114,114,114,114,114,114,114,114,114,114,114,126,126,126,126,126,126,126,126,126,126,126,126,126,126,126,126,126,126,126,126,126,126,126,126,126,126,126,126,113,113,113,113,113,113,113,113,113,113,113,113,113,113,113,113,113,113,113,113,113,113,113,113,113,113,113,113,113,113,113,135,135,135,135,135,135,135,135,135,135,135,135,135,135,135,135,135,135,135,135,135,135,135,135,135,135,135,135,135,135,159,159,159,159,159,159,159,159,159,159,159,159,159,159,159,159,159,159,159,159,159,159,159,159,159,159,159,159,159,159,159,193,193,193,193,193,193,193,193,193,193,193,193,193,193,193,193,193,193,193,193,193,193,193,193,193,193,193,193,193,193,197,197,197,197,197,197,197,197,197,197,197,197,197,197,197,197,197,197,197,197,197,197,197,197,197,197,197,197,197,197,197,205,205,205,205,205,205,205,205,205,205,205,205,205,205,205,205,205,205,205,205,205,205,205,205,205,205,205,205,205,205,205,211,211,211,211,211,211,211,211,211,211,211,211,211,211,211,211,211,211,211,211,211,211,211,211,211,211,211,211,211,211,202,202,202,202,202,202,202,202,202,202,202,202,202,202,202,202,202,202,202,202,202,202,202,202,202,202,202,202,202,202,202,204,204,204,204,204,204,204,204,204,204,204,204,204,204,204,204,204,204,204,204,204,204,204,204,204,204,204,204,204,204,114,114,114,114,114,114,114,114,114,114,114,114,114,114,114",0.69
"Premium South Loop 1BR w/ Gym & Lounge, nr Grant Park, by Blueground","132,132,132,132,132,132,132,132,132,132,132,132,132,132,132,132,133,133,133,133,133,133,133,133,133,133,133,133,133,133,133,133,133,133,133,133,133,133,133,133,133,133,133,133,133,133,133,117,117,117,117,117,117,117,117,117,117,117,117,117,117,117,117,117,117,117,117,117,117,117,117,117,117,117,117,102,102,102,102,102,102,102,102,102,102,102,102,102,102,102,102,102,102,102,102,102,102,102,102,102,102,102,102,102,102,102,105,105,105,105,105,105,105,105,105,105,105,105,105,105,105,105,105,105,105,105,105,105,105,105,105,105,105,105,105,105,110,110,110,110,110,110,110,110,110,110,110,110,110,110,110,110,110,110,110,110,110,110,110,110,110,110,110,110,110,110,110,124,124,124,124,124,124,124,124,124,124,124,124,124,124,124,124,124,124,124,124,124,124,124,124,124,124,124,124,124,124,130,130,130,130,130,130,130,130,130,130,130,130,130,130,130,130,130,130,130,130,130,130,130,130,130,130,130,130,130,130,130,134,134,134,134,134,134,134,134,134,134,134,134,134,134,134,134,134,134,134,134,134,134,134,134,134,134,134,134,134,134,134,141,141,141,141,141,141,141,141,141,141,141,141,141,141,141,141,141,141,141,141,141,141,141,141,141,141,141,141,141,141,136,136,136,136,136,136,136,136,136,136,136,136,136,136,136,136,136,136,136,136,136,136,136,136,136,136,136,136,136,136,136,137,137,137,137,137,137,137,137,137,137,137,137,137,137,137,137,137,137,137,137,137,137,137,137,137,137,137,137,137,137,132,132,132,132,132,132,132,132,132,132,132,132,132,132,132",0.88
"At the Center of it All, with Luxury!!","250,250,199,199,199,199,199,199,199,199,199,199,199,199,199,199,199,199,199,199,199,199,199,199,199,199,199,199,199,199,199,199,399,399,175,175,175,175,175,175,175,175,175,175,175,175,175,175,175,175,175,175,175,175,175,175,175,175,175,175,175,175,175,175,150,150,150,150,150,150,150,150,150,150,150,150,150,150,150,150,150,150,150,150,150,150,150,150,150,150,150,150,250,250,250,250,250,250,250,250,250,250,250,250,250,250,250,250,250,250,250,250,250,250,250,250,250,250,250,250,250,250,250,399,399,399,399,399,399,399,399,399,399,399,399,399,399,399,399,399,399,399,399,399,399,399,399,399,399,399,399,399,399,399,399,399,399,399,399,399,399,399,399,399,399,399,399,399,399,399,399,399,399,399,399,399,399,399,399,399,399,399,399,399,399,399,399,399,399,399,399,399,399,399,399,399,399,399,399,399,399,399,399,399,399,399,399,399,399,399,399,399,399,399,399,399,399,399,399,399,399,399,399,399,399,399,399,399,399,399,399,399,399,399,399,399,399,399,399,399,399,399,399,399,399,399,399,399,399,399,399,399,399,399,399,399,399,399,399,399,399,399,399,399,399,399,399,399,399,399,399,399,399,399,399,399,399,399,399,399,399,399,399,399,399,399,399,399,399,399,399,399,399,399,399,399,399,399,399,399,399,399,399,399,399,399,399,399,399,399,399,399,399,399,399,399,399,399,399,399,399,399,399,399,399,399,399,399,399,399,399,399,399,399,399,399,399,399,399,399,399,399,399,399,399,399,399,399,399,399,399,399,399,399,399,399,399,399,399,399,399,399,399,399,399",0.99
"DOWNTOWN PENTHOUSE #2 | Vintage 3BD/1BA | Family-Friendly, Grant Park & Museums","302,200,170,140,140,140,170,361,409,361,354,354,250,250,350,350,260,180,180,180,222,210,210,180,160,160,160,211,248,247,211,150,150,150,205,241,247,209,198,196,196,205,241,244,208,198,234,199,208,244,247,211,201,198,246,257,378,381,260,206,201,204,259,373,354,344,209,206,207,216,332,335,222,212,210,215,225,343,346,231,225,228,231,242,366,370,251,245,244,245,317,385,394,266,258,258,262,273,408,412,278,269,266,267,279,410,416,284,269,269,271,282,412,421,287,272,269,271,282,415,423,287,272,266,271,282,417,424,287,275,271,274,288,425,437,296,283,279,282,361,438,450,305,291,288,293,305,455,463,316,300,298,302,316,467,480,325,311,307,313,325,562,562,546,319,317,321,333,493,506,343,324,320,323,339,501,510,345,327,323,326,339,501,510,345,327,323,326,339,501,510,345,327,323,326,339,738,738,717,703,323,326,339,501,510,345,327,323,326,339,501,510,345,327,323,326,339,500,510,345,327,323,326,339,500,510,345,327,323,222,222,222,222,222,222,222,222,222,222,222,222,222,222,222,222,222,222,222,222,222,222,222,222,222,222,222,222,222,222,222,222,222,222,222,222,222,222,222,222,222,222,222,222,222,222,222,222,222,222,222,222,222,222,222,222,222,222,222,222,222,222,222,222,222,222,222,222,222,222,222,222,222,222,222,222,222,222,222,222,222,222,222,222,222,222,222,222,222,222,222,222,222,222,222,222,222,222,222,222,222,222,222,222,222,222,222,222,222,222,222,222,222,222,222,222,222,222,222,222,222,222,222,222,222,222,222,222,222,222,222,222,222,222,222,222",1.1
Kasa | Relaxing 1 BD + Near Local Eateries | Chicago,"151,121,112,112,109,141,132,173,194,178,178,181,178,172,193,205,167,142,133,116,115,138,141,120,115,109,113,114,131,129,109,109,109,109,109,136,132,109,109,109,109,109,119,125,109,109,109,114,111,119,115,109,109,111,111,110,122,126,112,109,109,123,122,203,203,203,127,125,150,143,157,172,129,127,129,137,128,160,161,138,134,145,143,143,176,178,155,147,151,162,203,237,245,171,171,173,175,177,192,194,169,169,169,171,213,261,262,197,170,182,208,195,210,212,188,174,184,205,203,223,203,189,188,184,187,207,236,215,199,180,181,182,184,209,230,188,185,185,187,233,310,299,203,193,192,203,198,235,229,204,199,201,233,256,257,253,212,211,208,212,214,360,385,361,232,217,220,274,477,500,332,228,221,223,228,294,294,229,224,225,226,228,259,262,231,225,226,228,247,285,275,233,228,229,250,277,491,491,492,492,282,253,233,265,267,236,230,230,232,235,280,295,237,237,254,234,236,268,270,239,233,233,235,238,304,318,240,235,235,253,290,328,332,275,236,236,238,240,301,365,285,249,262,251,241,273,276,243,237,243,249,251,285,273,241,233,233,234,237,490,490,490,231,231,232,233,264,284,267,289,287,253,255,289,292,255,248,248,250,250,284,303,250,242,242,241,244,274,276,241,236,242,235,479,532,593,507,294,227,293,400,400,400,400,400,400,400,400,400,400,400,400,400,400,400,400,400,400,400,400,400,400,400,400,400,400,400,400,400,400,400,400,400,400,400,400,400,400,400,400,400,400,400,400,400,400,400,400,400,400,400,400,400,400,400,400,400,400,400,400,400,400,400,400,400",1.13
Kasa | Relaxing 2 BD + Steps to the South Loop | Chicago,"183,169,161,163,173,239,201,302,321,283,268,244,292,314,387,433,306,201,188,174,181,183,189,159,159,159,159,159,186,172,159,159,159,159,159,192,188,159,159,159,159,159,190,199,159,159,159,159,159,181,174,159,159,159,159,159,174,178,159,159,159,159,170,307,308,281,159,159,188,191,231,252,169,162,164,178,170,233,231,182,168,173,180,188,263,264,197,184,189,192,254,322,332,214,203,205,208,221,283,287,223,211,212,214,284,386,389,262,213,227,250,242,288,290,235,218,237,258,263,318,293,237,223,219,222,259,322,306,262,226,227,228,242,301,330,260,243,244,246,306,441,423,266,241,241,256,260,340,329,268,249,251,276,320,354,346,294,279,274,279,296,546,577,500,291,271,275,370,692,730,446,296,277,279,299,419,423,302,280,281,283,300,373,377,304,282,283,285,323,410,398,307,285,286,310,363,707,708,647,616,351,314,307,381,385,310,288,288,290,313,407,428,316,300,319,292,311,392,389,314,292,292,309,329,457,477,316,293,293,316,378,469,475,360,295,295,297,316,424,518,372,311,326,314,317,393,397,319,296,304,311,330,410,393,317,291,291,293,311,706,706,644,288,289,291,306,380,409,349,325,322,287,304,377,380,303,281,281,283,298,370,394,298,274,274,273,290,357,360,287,266,799,799,799,799,799,799,334,262,375,400,400,400,400,400,400,400,400,400,400,400,400,400,400,400,400,400,400,400,400,400,400,400,400,400,400,400,400,400,400,400,400,400,400,400,400,400,400,400,400,400,400,400,400,400,400,400,400,400,400,400,400,400,400,400,400,400,400,400,400,400,400,400,400,400",1.13
"Mich Ave, Grant Park VIEWS #10, Downtown near Museums 2bd/2ba (+rooftop)","175,206,175,113,113,134,227,258,258,221,196,196,165,237,288,288,247,165,165,165,175,191,191,160,144,144,144,160,185,185,175,113,113,113,144,196,196,165,134,134,134,241,273,273,238,230,234,237,246,205,205,179,172,174,177,184,209,208,181,177,176,179,186,303,305,297,179,181,181,188,216,216,188,182,183,186,198,226,226,196,194,201,203,211,242,242,213,210,214,214,409,468,473,411,225,228,229,239,272,277,236,232,237,234,243,275,275,240,232,236,236,246,278,278,365,234,236,236,287,377,377,282,234,234,236,286,349,323,242,236,238,239,251,329,333,253,243,245,246,312,338,342,258,250,252,255,266,353,358,268,258,262,263,276,379,383,276,267,269,272,283,481,485,472,274,279,279,290,397,401,293,279,281,281,296,406,409,296,281,283,284,296,409,411,296,281,283,284,296,410,411,296,281,283,284,296,630,637,618,599,283,284,296,410,411,296,281,283,284,296,410,411,296,281,283,284,296,410,411,296,281,283,284,296,410,411,296,281,283,284,296,410,411,296,281,283,284,296,409,411,296,281,283,284,296,409,411,296,281,283,281,294,406,407,294,276,279,279,290,608,613,595,274,276,277,285,396,397,285,272,272,272,283,391,393,280,267,269,270,278,384,383,276,260,262,260,271,370,372,263,263,263,263,263,263,263,263,263,263,263,263,263,263,263,263,263,263,263,263,263,263,263,263,263,263,263,263,263,263,263,263,263,263,263,263,263,263,263,263,263,263,263,263,263,263,263,263,263,263,263,263,263,263,263,263,263,263,263,263,263,263,263,263,263,263,263,263,263,263,263,263,263,263,263,263",1.18
"Trendy River North 1BR w/ Gym, Pool & Roof, nr Riverwalk, by Blueground","136,136,136,136,136,136,136,136,136,136,136,136,136,136,136,136,122,122,122,122,122,122,122,122,122,122,122,122,122,122,122,122,122,122,122,122,122,122,122,122,122,122,122,122,122,122,122,135,135,135,135,135,135,135,135,135,135,135,135,135,135,135,135,135,135,135,135,135,135,135,135,135,135,135,135,124,124,124,124,124,124,124,124,124,124,124,124,124,124,124,124,124,124,124,124,124,124,124,124,124,124,124,124,124,124,124,129,129,129,129,129,129,129,129,129,129,129,129,129,129,129,129,129,129,129,129,129,129,129,129,129,129,129,129,129,129,125,125,125,125,125,125,125,125,125,125,125,125,125,125,125,125,125,125,125,125,125,125,125,125,125,125,125,125,125,125,125,136,136,136,136,136,136,136,136,136,136,136,136,136,136,136,136,136,136,136,136,136,136,136,136,136,136,136,136,136,136,140,140,140,140,140,140,140,140,140,140,140,140,140,140,140,140,140,140,140,140,140,140,140,140,140,140,140,140,140,140,140,144,144,144,144,144,144,144,144,144,144,144,144,144,144,144,144,144,144,144,144,144,144,144,144,144,144,144,144,144,144,144,150,150,150,150,150,150,150,150,150,150,150,150,150,150,150,150,150,150,150,150,150,150,150,150,150,150,150,150,150,150,143,143,143,143,143,143,143,143,143,143,143,143,143,143,143,143,143,143,143,143,143,143,143,143,143,143,143,143,143,143,143,144,144,144,144,144,144,144,144,144,144,144,144,144,144,144,144,144,144,144,144,144,144,144,144,144,144,144,144,144,144,136,136,136,136,136,136,136,136,136,136,136,136,136,136,136",1.22
"2B/2BA Luxury Apartment | Balcony, Rooftop Pool & Gym| PAID IN/OUT PARKING IN BL","130,142,100,100,100,100,103,224,234,164,174,178,179,182,312,420,210,199,191,179,167,230,234,160,157,157,158,162,250,251,168,154,154,155,157,224,227,157,152,154,155,159,235,235,170,162,160,163,161,226,231,157,155,157,160,164,241,256,168,173,180,165,172,341,342,273,167,173,173,184,242,246,168,165,170,160,170,238,260,169,170,178,182,450,886,959,458,464,477,482,689,1024,1184,623,511,525,546,531,782,813,522,531,534,533,545,750,805,537,535,544,543,556,872,938,626,545,548,548,601,940,960,555,555,555,556,604,904,915,555,567,563,561,578,790,813,576,581,584,583,721,1035,1128,646,604,629,653,624,882,877,626,624,634,633,680,960,1026,649,654,655,658,678,1395,1397,1119,671,681,682,907,1947,2050,842,692,694,696,718,1357,1414,899,894,877,704,720,988,1001,709,705,713,710,727,1229,1275,718,715,719,719,840,1900,1901,1523,1524,837,720,737,1006,1025,726,721,725,726,823,1195,1218,756,726,729,729,772,1053,1041,734,730,734,734,778,1197,1244,738,734,738,816,956,1420,1463,870,780,742,742,759,1093,1055,806,806,806,806,806,1083,1056,806,806,806,806,806,1028,1046,806,806,806,806,806,1894,1894,1515,806,806,806,806,1040,1053,806,806,806,806,806,1088,1141,806,806,806,806,806,977,987,806,806,806,806,806,942,958,806,806,806,806,877,1949,2050,1468,806,806,806,806,944,975,806,806,806,806,806,855,869,806,806,806,806,806,855,861,806,806,806,806,806,806,816,806,806,806,806,806,855,811,806,806,806,806,806,806,814,806,806,806,806,806,976,976,806,806,806,806,806,806,806,806,806,806,806,806,806,806,806,806,806,806,806,216",1.24
2B/2BA Luxury Suite w/ Balcony Rooftop Pool & Gym | PAID IN/OUT PARKING IN BLDG,"130,142,100,100,100,100,103,224,234,164,174,178,179,182,312,420,210,199,191,179,167,230,234,160,157,157,158,162,250,251,168,154,154,155,157,224,227,157,152,154,155,159,235,235,170,162,160,163,161,226,231,157,155,156,160,164,241,257,168,173,180,165,172,341,342,273,168,173,173,184,242,246,168,165,170,160,170,238,260,169,170,178,181,450,887,960,458,464,477,482,689,1025,1185,624,511,524,545,531,782,813,522,531,534,533,545,750,805,538,535,544,543,556,873,938,626,545,548,548,600,940,960,555,555,555,556,604,904,916,555,567,563,561,578,790,813,576,581,584,583,721,1036,1129,646,604,629,653,624,882,877,626,624,634,633,680,960,1024,650,654,656,658,677,1395,1397,1119,671,681,682,908,1947,2051,842,692,694,696,718,1356,1416,899,898,876,705,721,987,1002,709,705,713,710,727,1229,1276,718,714,718,718,841,1900,1901,1523,1524,837,720,737,1006,1025,726,721,726,726,823,1196,1219,756,726,729,729,772,1053,1039,734,730,734,733,778,1197,1245,738,734,738,816,956,1420,1463,870,780,742,742,759,1093,1055,806,806,806,806,806,1083,1056,806,806,806,806,806,1028,1046,806,806,806,806,806,1894,1894,1515,806,806,806,806,1040,1053,806,806,806,806,806,1088,1141,806,806,806,806,806,975,985,806,806,806,806,806,941,958,806,806,806,806,877,1952,2053,1469,806,806,806,806,944,975,806,806,806,806,806,855,870,806,806,806,806,806,853,859,806,806,806,806,806,806,816,806,806,806,806,806,855,812,806,806,806,806,806,806,814,806,806,806,806,806,976,976,806,806,806,806,806,806,806,806,806,806,806,806,806,806,806,806,806,806,806,216",1.24
"2BR Modern Apartment With Balcony, Rooftop Pool & Gym","130,141,100,100,100,100,103,224,233,164,174,178,179,182,315,421,210,199,191,179,167,230,234,160,157,157,158,162,250,250,167,154,154,155,157,224,227,157,153,154,155,159,234,234,170,162,161,163,160,225,230,157,156,157,161,164,240,256,168,173,180,165,172,341,342,273,168,173,173,184,242,246,168,165,170,161,171,238,260,169,171,178,182,450,881,951,458,464,477,482,684,1016,1174,623,517,531,547,531,780,811,522,531,534,533,544,749,803,538,535,544,544,556,870,933,624,546,548,548,599,935,955,556,557,561,558,603,900,911,555,570,564,561,577,789,812,575,581,584,583,721,1030,1124,647,606,629,652,624,880,875,626,623,635,632,679,961,1025,650,658,656,657,676,1395,1397,1119,670,680,682,906,1929,2028,842,694,694,696,718,1348,1404,895,895,874,706,721,987,1000,709,705,713,710,726,1222,1268,718,715,718,718,845,1900,1901,1523,1524,835,720,737,1006,1024,726,721,725,726,821,1191,1212,755,726,730,729,771,1052,1039,734,730,734,734,777,1192,1239,738,734,738,814,951,1414,1457,867,780,743,742,759,1092,1054,806,806,806,806,806,1082,1054,806,806,806,806,806,1029,1045,806,806,806,806,806,1894,1894,1515,806,806,806,806,1043,1052,806,806,806,806,806,1087,1137,806,806,806,806,806,974,983,806,806,806,806,806,939,958,806,806,806,806,872,1929,2024,1453,806,806,806,806,943,973,806,806,806,806,806,856,870,806,806,806,806,806,851,858,806,806,806,806,806,806,815,806,806,806,806,806,854,810,806,806,806,806,806,806,813,806,806,806,806,806,976,976,806,806,806,806,806,806,806,806,806,806,806,806,806,806,806,806,806,806,806,216",1.24
"2BR Executive Suite With Pool, Gym & Fast Wi-Fi","130,141,100,100,100,100,103,224,233,164,174,178,179,182,315,421,210,199,191,179,167,230,234,160,157,157,158,162,250,250,167,154,154,155,157,224,227,157,153,154,155,159,234,234,170,162,161,163,160,225,230,157,156,157,161,164,240,256,168,173,180,165,172,341,342,273,168,173,173,184,242,246,168,165,170,161,171,238,260,169,171,178,182,450,881,951,458,464,477,482,684,1016,1174,623,517,531,547,531,780,811,522,531,534,533,544,749,803,538,535,544,544,556,870,933,624,546,548,548,599,935,955,556,557,561,558,603,900,911,555,570,564,561,577,789,812,575,581,584,583,721,1030,1124,647,606,629,652,624,880,875,626,623,635,632,679,961,1025,650,658,656,657,676,1395,1397,1119,670,680,682,906,1929,2028,842,694,694,696,718,1348,1404,895,895,874,706,721,987,1000,709,705,713,710,726,1222,1268,718,715,718,718,845,1900,1901,1523,1524,835,720,737,1006,1024,726,721,725,726,821,1191,1212,755,726,730,729,771,1052,1039,734,730,734,734,777,1192,1239,738,734,738,814,951,1414,1457,867,780,743,742,759,1092,1054,806,806,806,806,806,1082,1054,806,806,806,806,806,1029,1045,806,806,806,806,806,1894,1894,1515,806,806,806,806,1043,1052,806,806,806,806,806,1087,1137,806,806,806,806,806,974,983,806,806,806,806,806,939,958,806,806,806,806,872,1929,2024,1453,806,806,806,806,943,973,806,806,806,806,806,856,870,806,806,806,806,806,851,858,806,806,806,806,806,806,815,806,806,806,806,806,854,810,806,806,806,806,806,806,813,806,806,806,806,806,976,976,806,806,806,806,806,806,806,806,806,806,806,806,806,806,806,806,806,806,806,216",1.24
"2B/2BA Sophisticated Luxury Apartment | Balcony, Rooftop Pool & Gym","130,141,100,100,706,100,103,223,232,164,174,177,178,182,316,421,209,198,190,179,166,229,233,159,157,156,157,161,248,249,167,153,153,155,156,223,226,156,152,154,155,158,233,233,168,162,161,162,160,225,229,156,155,157,160,163,240,254,168,172,179,164,171,340,340,272,167,172,172,183,241,245,167,165,169,160,170,237,258,169,170,177,181,449,877,946,457,463,476,481,682,1010,1167,620,517,533,546,531,778,807,521,530,533,532,543,747,800,536,533,543,542,554,867,930,622,544,547,547,598,932,952,556,556,561,557,601,906,906,554,569,561,559,575,786,808,574,580,584,582,720,1026,1120,646,606,627,650,623,878,873,625,622,633,630,676,961,1027,648,657,655,656,676,1392,1394,1117,668,677,679,902,1919,2014,839,693,693,696,718,1346,1396,891,889,873,703,717,987,996,704,702,712,705,724,1218,1262,717,715,718,719,842,1896,1898,1520,1521,831,718,735,1004,1021,725,719,724,725,818,1187,1208,754,725,728,728,769,1049,1039,733,729,734,732,775,1191,1234,737,733,736,812,947,1409,1452,865,779,741,740,758,1090,1052,804,804,804,804,804,1081,1054,804,804,804,804,804,1027,1042,804,804,804,804,804,1891,1891,1512,804,804,804,804,1042,1049,804,804,804,804,804,1084,1134,804,804,804,804,804,977,986,804,804,804,804,804,941,956,804,804,804,804,868,1912,2008,1444,804,804,804,804,942,969,804,804,804,804,804,854,867,804,804,804,804,804,854,858,804,804,804,804,804,804,813,804,804,804,804,804,852,807,804,804,804,804,804,804,811,804,804,804,804,804,974,974,804,804,804,804,804,804,804,804,804,804,804,804,804,804,804,804,804,804,804,216",1.24
"1BR Luxury Apartment With Private Office, Terrace, Gym & Pool","122,132,100,100,100,100,100,210,219,155,163,166,166,171,298,393,196,186,179,168,156,215,220,150,148,147,148,152,232,232,157,144,144,145,147,209,212,147,143,145,145,149,219,219,159,151,151,152,150,212,214,147,146,146,150,154,226,241,159,162,170,155,162,319,320,256,157,162,162,172,226,231,159,154,159,149,160,224,246,160,160,167,170,417,808,886,429,436,449,453,627,940,1095,589,486,499,515,498,731,758,490,498,501,500,511,711,747,505,502,512,511,522,805,869,581,513,516,515,569,885,904,523,524,528,525,572,854,862,522,532,530,528,542,747,762,541,547,550,548,677,969,1058,612,572,593,619,585,835,823,588,585,596,593,641,905,966,615,619,617,618,635,1311,1312,1052,630,639,641,842,1800,1899,794,654,655,655,674,1256,1309,837,842,816,663,676,928,940,666,663,670,667,682,1159,1197,674,671,675,675,805,1786,1787,1431,1433,787,677,692,946,962,682,678,682,682,773,1119,1138,711,682,686,685,726,997,975,690,686,690,689,737,1124,1165,693,690,693,760,884,1333,1371,820,736,698,697,713,1017,990,758,758,758,758,758,1014,989,758,758,758,758,758,967,981,758,758,758,758,758,1780,1780,1425,758,758,758,758,983,991,758,758,758,758,758,1020,1062,758,758,758,758,758,916,924,758,758,758,758,758,882,900,758,758,758,758,818,1805,1906,1366,758,758,758,758,895,921,758,758,758,758,758,804,818,758,758,758,758,758,795,801,758,758,758,758,758,758,765,758,758,758,758,758,802,760,758,758,758,758,758,758,763,758,758,758,758,758,918,918,758,758,758,758,758,758,758,758,758,758,758,758,758,758,758,758,758,758,758,202",1.24
"Modern West Loop Studio w/ Pool, Gym & Lounge, nr L, by Blueground","163,163,163,163,163,163,163,163,163,163,163,163,163,163,163,163,163,163,163,163,163,163,163,163,163,163,163,163,163,163,163,163,163,163,163,163,163,163,163,163,163,163,163,163,163,163,163,189,189,189,189,189,189,189,189,189,189,189,189,189,189,189,189,189,189,189,189,189,189,189,189,189,189,189,189,160,160,160,160,160,160,160,160,160,160,160,160,160,160,160,160,160,160,160,160,160,160,160,160,160,160,160,160,160,160,160,162,162,162,162,162,162,162,162,162,162,162,162,162,162,162,162,162,162,162,162,162,162,162,162,162,162,162,162,162,162,153,153,153,153,153,153,153,153,153,153,153,153,153,153,153,153,153,153,153,153,153,153,153,153,153,153,153,153,153,153,153,155,155,155,155,155,155,155,155,155,155,155,155,155,155,155,155,155,155,155,155,155,155,155,155,155,155,155,155,155,155,148,148,148,148,148,148,148,148,148,148,148,148,148,148,148,148,148,148,148,148,148,148,148,148,148,148,148,148,148,148,148,143,143,143,143,143,143,143,143,143,143,143,143,143,143,143,143,143,143,143,143,143,143,143,143,143,143,143,143,143,143,143,172,172,172,172,172,172,172,172,172,172,172,172,172,172,172,172,172,172,172,172,172,172,172,172,172,172,172,172,172,172,167,167,167,167,167,167,167,167,167,167,167,167,167,167,167,167,167,167,167,167,167,167,167,167,167,167,167,167,167,167,167,170,170,170,170,170,170,170,170,170,170,170,170,170,170,170,170,170,170,170,170,170,170,170,170,170,170,170,170,170,170,163,163,163,163,163,163,163,163,163,163,163,163,163,163,163",1.26
"Mich Ave Downtown 2bd/2ba#4 | Family-Friendly| King Beds, Museums","201,201,232,175,175,175,205,304,304,283,149,149,149,227,258,258,206,144,144,144,165,185,185,160,124,124,124,160,170,170,175,113,113,113,144,185,185,165,134,134,134,232,262,263,229,220,225,228,237,198,197,172,166,168,170,177,201,200,174,170,169,172,179,290,294,285,173,174,175,181,207,208,181,175,176,179,190,216,216,188,186,193,195,203,233,232,205,202,206,206,393,449,454,396,215,219,220,230,262,266,227,222,228,225,234,264,265,231,222,227,227,237,267,268,351,225,227,227,276,363,363,271,225,225,227,275,336,311,233,227,229,230,241,316,319,243,234,236,236,300,324,329,247,241,243,245,255,340,344,258,247,252,252,265,364,368,265,256,259,262,272,461,467,453,264,268,268,279,381,385,281,268,270,271,284,389,392,284,270,273,273,284,393,394,284,270,273,273,284,393,394,284,270,273,273,284,606,612,594,577,273,273,284,393,394,284,270,273,273,284,393,394,284,270,273,273,284,393,394,284,270,273,273,284,393,394,284,270,273,273,284,393,394,284,270,273,273,284,393,394,284,270,273,273,284,393,394,284,270,273,271,282,389,391,281,266,268,268,279,584,589,573,264,266,266,275,380,381,274,261,261,262,272,376,378,270,256,259,259,268,370,368,265,249,252,250,261,355,357,229,229,229,229,229,229,229,229,229,229,229,229,229,229,229,229,229,229,229,229,229,229,229,229,229,229,229,229,229,229,229,229,229,229,229,229,229,229,229,229,229,229,229,229,229,229,229,229,229,229,229,229,229,229,229,229,229,229,229,229,229,229,229,229,229,229,229,229,229,229,229,229,229,229,229,229",1.29
"51st Floor MagMile Penthouse - VIEWS, Fireplace, Balcony, Pool, WiFi","232,232,197,125,125,157,174,205,205,174,158,158,179,197,232,232,197,142,142,179,345,410,410,160,143,143,144,161,179,179,161,144,144,146,163,180,180,163,146,146,147,164,182,182,184,164,164,164,184,204,204,184,164,164,164,184,204,204,184,164,164,164,184,204,204,184,164,164,164,184,204,204,184,164,164,164,184,204,204,184,164,164,399,399,499,499,399,399,399,399,399,499,499,399,399,399,399,399,499,499,399,399,399,399,399,499,499,399,399,399,399,399,499,499,399,399,399,399,399,499,499,399,399,399,399,399,499,499,399,399,399,399,399,499,499,399,399,399,399,399,499,499,399,399,399,399,399,499,499,399,399,399,399,399,499,499,399,399,399,399,399,499,499,399,399,399,399,399,499,499,399,399,399,399,399,499,499,399,399,399,399,399,499,499,399,399,399,399,399,499,499,399,399,399,399,399,499,499,399,399,399,399,399,499,499,399,399,399,399,399,499,499,399,399,399,399,399,499,499,399,399,399,399,399,499,499,399,399,399,399,399,499,499,399,399,399,399,399,499,499,399,399,399,399,399,499,499,399,399,399,399,399,499,499,399,399,399,399,399,499,499,399,399,399,399,399,499,499,399,399,399,399,399,499,499,399,399,399,399,399,499,499,399,399,399,399,399,499,499,399,399,399,399,399,499,499,399,399,399,399,399,499,499,399,399,399,399,399,499,499,399,399,399,399,399,499,499,399,399,399,399,399,499,499,399,399,399,399,399,499,499,399,399,399,399,399,499,499,399,399,399,399,399,499,499,399,399,399,399,399,499,499,399,399,399,399,399,499,499,399,399,399,399,399,499",1.29
"52nd Floor MagMile Penthouse - VIEWS, Fireplace, Fitness Center, Pool, WiFi","120,120,329,329,329,329,153,141,141,156,171,202,202,156,156,156,157,173,179,329,329,329,305,305,305,297,297,199,159,159,159,179,199,199,179,159,159,159,179,199,199,179,159,159,159,179,199,199,179,159,159,159,179,199,199,179,159,159,159,179,199,199,179,159,159,159,179,199,199,179,159,159,159,179,199,199,179,159,159,159,179,199,199,179,159,159,382,382,462,462,382,382,382,382,382,462,462,382,382,382,382,382,462,462,382,382,382,382,382,462,462,382,382,382,382,382,462,507,405,405,405,405,405,507,507,405,405,405,405,405,507,507,405,405,405,405,405,507,507,405,406,406,406,406,508,508,406,406,432,432,432,538,538,432,432,432,432,432,538,538,432,432,432,432,432,538,538,432,432,432,432,432,538,538,399,399,399,399,399,499,499,399,429,429,429,429,534,534,429,429,429,429,429,534,534,429,429,429,429,429,534,534,429,429,429,429,429,534,537,430,430,430,430,430,537,537,430,430,430,430,430,537,537,430,430,430,430,430,537,537,430,430,430,430,399,499,499,399,399,399,399,399,499,499,399,399,399,399,399,499,499,399,399,399,399,399,499,499,399,399,399,399,399,499,499,399,399,399,399,399,499,499,399,399,399,399,399,499,499,399,399,399,399,399,499,499,399,399,399,399,399,499,499,399,399,399,399,399,499,499,399,399,399,399,399,499,499,399,399,399,399,399,499,499,399,399,399,399,399,499,499,399,399,399,399,399,499,499,399,399,399,399,399,499,499,399,399,399,399,399,499,499,399,399,399,399,399,499,499,399,399,399,399,399,499,499,399,399,399,399,399,499,499,399,399",1.29
"53th Floor MagMile Penthouse - VIEWS, Balcony, Pool, WiFi, & Fitness Center","295,256,218,201,201,201,221,261,261,221,203,260,260,333,391,391,333,306,306,309,278,325,465,180,150,150,150,239,299,299,239,199,199,199,239,299,299,239,199,199,199,239,299,299,239,199,199,199,239,299,299,239,199,199,624,685,739,739,685,624,624,624,685,739,739,685,624,624,624,685,739,739,685,624,624,624,685,731,731,674,613,613,799,799,899,899,799,799,799,799,799,899,899,799,799,799,799,799,899,899,799,799,799,799,799,899,899,799,799,799,799,799,899,899,799,799,799,799,799,899,899,799,799,799,799,799,899,899,799,799,799,799,799,899,899,799,799,799,799,799,899,899,799,799,799,799,799,899,899,799,799,799,799,799,899,899,799,799,799,799,799,899,899,799,799,799,799,799,899,899,799,799,799,799,799,899,899,799,799,799,799,799,899,899,799,799,799,799,799,899,899,799,799,799,799,799,899,899,799,799,799,799,799,899,899,799,799,799,799,799,899,899,799,799,799,799,799,899,899,799,799,799,799,799,899,899,799,799,799,799,799,899,899,799,799,799,799,799,899,899,799,799,799,799,799,899,899,799,799,799,799,799,899,899,799,799,799,799,799,899,899,799,799,799,799,799,899,899,799,799,799,799,799,899,899,799,799,799,799,799,899,899,799,799,799,799,799,899,899,799,799,799,799,799,899,899,799,799,799,799,799,899,899,799,799,799,799,799,899,899,799,799,799,799,799,899,899,799,799,799,799,799,899,899,799,799,799,799,799,899,899,799,799,799,799,799,899,899,799,799,799,799,799,899,899,799,799,799,799,799,899,899,799,799,799,799,799,899,899,799,799,799,799,799,899",1.29
"LUXURY DOWNTOWN APT. ACROSS FROM MILLENIUM PARK, GRANT PARK, BUCKINGHAM FOUNTAIN","250,250,250,250,250,225,225,225,225,225,225,225,225,225,225,225,225,250,250,250,250,250,250,250,250,250,250,250,250,250,250,250,250,250,250,250,250,250,250,250,250,250,250,250,250,256,256,256,256,256,256,256,258,258,258,258,258,258,258,260,260,260,260,260,260,260,263,263,263,263,263,263,263,265,265,265,265,265,264,264,264,264,264,264,264,264,264,264,264,264,264,264,264,264,264,264,264,264,264,264,264,264,264,264,264,264,264,264,264,265,265,265,265,265,265,265,265,265,265,265,265,265,265,265,265,265,265,265,265,265,265,265,265,265,265,265,265,265,265,265,265,265,265,265,265,265,265,265,265,265,265,265,265,265,265,265,265,265,265,265,265,265,265,265,265,265,265,265,265,265,265,250,250,265,265,265,265,265,265,265,265,265,265,265,265,265,265,265,265,265,265,265,265,265,265,265,265,265,265,250,250,250,265,265,265,265,265,265,265,265,265,265,265,265,265,265,265,265,250,250,250,250,250,250,250,250,250,250,250,250,250,250,250,250,250,250,250,250,250,250,250,250,250,250,250,250,250,250,250,250,250,250,250,250,250,250,250,250,250,250,250,250,250,250,250,250,250,250,250,250,250,250,250,250,250,250,250,250,250,250,250,250,250,250,250,250,250,250,250,250,250,250,250,250,250,250,250,250,250,250,250,250,250,250,250,250,250,250,250,250,250,250,250,250,250,250,250,250,250,250,250,250,250,250,250,250,250,250,250,250,250,250,250,250,250,250,250,250,250,250,250,250,250,250,250,250,250,250,250,250,250,250,250,250,250,250,250,250,250,250,250,250,250,250,250",1.3
"51/52nd Floor MagMile Penthouse - VIEWS, Fireplace, Balcony, Fitness Center","589,388,361,328,328,418,463,496,589,549,497,497,833,923,990,990,923,833,833,833,923,966,966,702,702,334,337,346,384,384,346,337,337,349,359,399,399,359,349,349,349,359,399,399,359,349,349,349,359,399,399,359,349,349,379,399,439,439,399,3793,379,379,399,439,439,399,3793,379,379,399,439,439,399,3793,379,379,399,439,439,399,3793,379,899,899,1099,1099,899,899,899,899,899,1099,1099,899,899,899,899,899,1099,1099,899,899,899,899,899,1099,1099,899,899,899,899,899,1099,1099,899,899,899,899,899,1099,1099,899,899,899,899,899,1099,1099,899,899,899,899,899,1099,1099,899,899,899,899,899,1099,1099,899,899,899,899,899,1099,1099,899,899,899,899,899,1099,1099,899,899,899,899,899,1099,1099,899,899,899,899,899,1099,1099,899,899,899,899,899,1099,1099,899,899,899,899,899,1099,1099,899,899,899,899,899,1099,1099,899,899,899,899,899,1099,1099,899,899,899,899,899,1099,1099,899,899,899,899,899,1099,1099,899,899,899,899,899,1099,1099,899,899,899,899,899,1099,1099,899,899,899,899,899,1099,1099,899,899,899,899,899,1099,1099,899,899,899,899,899,1099,1099,899,899,899,899,899,1099,1099,899,899,899,899,899,1099,1099,899,899,899,899,899,1099,1099,899,899,899,899,899,1099,1099,899,899,899,899,899,1099,1099,899,899,899,899,899,1099,1099,899,899,899,899,899,1099,1099,899,899,899,899,899,1099,1099,899,899,899,899,899,1099,1099,899,899,899,899,899,1099,1099,899,899,899,899,899,1099,1099,899,899,899,899,899,1099,1099,899,899,899,899,899,1099,1099,899,899,899,899,899,1099,1099,899,899,899,899,899,1099,1099,899,899,899,899,899,1099,1099,899,899,899,899,899,1099",1.3
Art Park #11 - Mich Ave Penthouse | gym+rooftop,"242,242,121,101,101,101,121,172,172,172,141,141,141,242,273,273,172,111,111,111,167,197,197,172,116,116,116,131,162,162,174,121,121,121,161,184,184,165,116,116,116,164,187,199,165,152,150,156,166,192,200,169,155,154,158,170,197,205,172,160,158,161,173,275,277,272,163,162,165,176,205,249,212,171,180,170,184,248,225,190,179,181,185,198,232,268,207,195,196,201,317,438,461,266,249,232,217,226,265,277,230,216,214,217,337,347,364,288,263,279,285,270,274,286,241,222,220,253,237,278,288,323,285,296,300,319,369,339,285,267,263,267,288,334,351,296,275,273,277,358,393,406,308,286,283,315,335,361,378,320,294,295,354,380,375,396,332,308,305,340,333,556,666,551,317,318,322,408,583,576,420,325,322,327,351,444,465,359,331,357,331,352,408,426,360,330,327,331,352,408,427,360,361,358,395,487,912,949,762,711,417,362,352,408,466,392,330,327,332,352,409,447,392,360,357,331,352,408,426,360,330,327,331,354,410,428,360,330,327,333,391,492,514,360,330,327,472,352,408,426,431,317,314,318,313,364,348,266,244,242,243,260,300,316,264,240,238,266,310,528,533,523,239,236,239,360,418,307,259,238,234,237,250,290,303,253,232,230,233,246,346,359,302,275,224,225,239,275,289,294,270,266,219,290,405,421,385,211,210,213,224,260,269,226,205,204,204,247,335,351,247,199,196,198,238,328,322,210,193,189,190,202,286,301,206,187,185,189,200,284,294,201,185,183,186,196,277,291,199,183,181,262,270,279,292,199,183,181,184,196,280,296,199,183,181,184,196,289,304,200,183,181,184,196,303",1.31
"52nd floor, VIEW, Pool, Balcony, Fitness Center, Grocery Store ","233,233,154,154,106,106,173,357,357,227,227,167,167,219,329,329,219,219,219,137,146,183,184,152,142,143,143,159,199,199,159,143,149,149,159,193,193,159,149,149,149,159,199,199,159,149,149,149,159,199,199,159,149,149,149,159,199,199,159,149,149,149,159,199,199,159,149,149,149,159,199,199,159,149,149,349,349,449,449,349,349,349,349,349,449,449,349,349,349,349,349,420,420,349,349,349,349,349,420,420,349,349,349,349,349,449,449,349,349,349,349,349,449,449,349,349,349,349,349,449,449,349,349,349,349,349,449,449,349,349,349,349,349,449,449,349,349,349,349,349,449,449,349,349,349,349,349,449,449,349,349,349,349,349,449,449,349,349,349,349,349,449,449,349,349,349,349,349,449,449,349,349,349,349,349,449,449,349,349,349,349,349,449,449,349,349,349,349,349,449,449,349,349,349,349,349,449,449,349,349,349,349,349,449,449,349,349,349,349,349,449,449,349,349,349,349,349,449,449,349,349,349,349,349,449,449,349,349,349,349,349,449,449,349,349,349,349,349,449,449,349,349,349,349,349,449,449,349,349,349,349,349,449,449,349,349,349,349,349,449,449,349,349,349,349,349,449,449,349,349,349,349,349,449,449,349,349,349,349,349,449,449,349,349,349,349,349,449,449,349,349,349,349,349,449,449,349,349,349,349,349,449,449,349,349,349,349,349,449,449,349,349,349,349,349,449,449,349,349,349,349,349,449,449,349,349,349,349,349,449,449,349,349,349,349,349,449,449,349,349,349,349,349,449,449,349,349,349,349,349,449,449,349,349,349,349,349,449,449,349,349,349,349,349,449",1.31
Art Park #12 - Mich Ave 2bd Penthouse | gym+rooftop,"180,180,124,124,124,124,175,216,216,185,149,149,149,268,258,258,227,165,165,165,208,253,269,227,134,134,134,165,191,191,215,144,144,144,202,227,227,201,139,139,139,165,229,240,203,194,195,202,208,234,240,207,198,199,206,211,237,243,211,204,203,210,215,339,339,339,208,209,214,219,249,278,241,242,244,229,238,311,278,232,228,234,242,248,295,302,253,248,252,258,407,519,539,295,264,268,277,283,321,331,283,276,278,284,369,427,439,324,361,373,391,371,333,341,296,282,324,321,330,335,343,274,237,248,256,263,296,287,249,241,242,247,256,287,298,259,249,251,284,332,341,339,268,259,260,288,296,311,319,279,267,271,321,340,321,342,297,278,280,288,296,487,542,487,287,291,298,373,514,492,387,318,296,302,312,379,389,312,298,324,306,314,352,361,313,299,300,306,314,352,361,313,323,300,306,383,678,724,649,649,376,315,314,352,390,339,299,300,306,314,352,377,338,322,325,306,314,352,361,313,299,300,306,314,352,361,313,299,300,306,314,394,405,313,299,300,458,314,352,373,361,344,362,353,323,364,361,313,299,300,304,311,349,358,310,294,366,376,385,624,624,624,291,293,299,303,340,349,302,288,287,294,301,337,346,297,283,285,290,296,418,425,369,349,277,280,287,319,328,302,344,343,273,369,494,505,459,259,260,265,269,302,306,266,251,252,254,297,379,389,289,243,242,247,284,370,356,247,236,235,237,243,320,329,242,229,230,234,240,316,320,237,226,227,232,235,309,317,234,224,225,321,321,321,321,234,224,225,229,235,314,325,234,224,225,229,235,324,333,234,224,225,229,235,335",1.31
"3B/2BA Captivating Corner Apartment w/ Pier Views, Pool & Gym","175,184,146,146,146,146,146,302,311,227,246,259,238,249,419,503,286,254,246,236,225,350,347,210,202,209,214,224,352,350,245,205,210,213,235,292,297,214,198,202,230,217,311,321,213,220,216,240,217,306,303,222,220,222,215,234,312,313,221,212,205,211,217,463,464,372,226,229,246,269,422,429,263,239,228,245,284,413,357,238,230,239,247,666,912,1113,648,678,702,702,814,1061,1020,733,805,732,740,716,991,996,714,716,722,727,990,1401,1278,927,909,829,760,750,1028,1034,748,734,741,822,756,1037,1042,755,741,741,748,762,1128,1050,824,753,760,760,783,1074,1090,789,793,796,789,980,1227,1238,852,844,819,827,843,1166,1173,857,841,856,856,1074,1433,1514,887,878,886,894,912,1898,1900,1523,908,925,926,1294,2648,2719,1568,1079,940,940,1072,1736,1745,1168,1147,955,955,974,1456,1343,972,954,962,962,981,1346,1353,979,961,970,970,989,2585,2587,2071,2073,1129,1069,1105,1538,1547,1119,1097,1107,1107,999,1370,1378,997,978,987,986,1005,1378,1385,1002,983,992,992,1012,1386,1394,1008,989,997,997,1018,1395,1402,1021,1095,1210,1003,1307,1792,1575,1261,1261,1261,1261,1261,1402,1409,1261,1261,1261,1261,1261,1391,1397,1261,1261,1261,1261,1261,2578,2578,2062,1261,1261,1261,1261,1356,1362,1261,1261,1261,1261,1261,1344,1350,1261,1261,1261,1261,1261,1321,1315,1261,1261,1261,1261,1261,1273,1279,1261,1261,1261,1261,1261,2768,2813,2034,1261,1261,1261,1261,1261,1261,1261,1261,1261,1261,1261,1261,1261,1261,1261,1261,1261,1261,1261,1261,1261,1261,1261,1261,1261,1261,1261,1261,1261,1261,1261,1261,1261,1261,1261,1261,1261,1261,1261,1261,1261,1261,1261,1261,1261,1261,1328,1328,1261,1261,1261,1261,1261,1261,1261,1261,1261,1261,1261,1261,1261,1261,1261,1261,1261,1261,1261,337",1.31
"VIEWS, Pool, Fireplace, Fitness Center, Grocery Store","1147,1147,466,422,422,422,470,496,496,437,489,489,489,534,570,570,570,865,865,865,908,881,1038,885,459,459,459,479,529,529,479,459,459,459,479,529,529,479,459,459,459,479,529,529,479,459,459,459,479,529,529,479,459,459,479,499,549,549,499,479,479,479,499,549,549,499,479,479,479,499,549,549,499,479,479,479,499,549,549,499,479,479,798,843,905,905,843,798,836,836,883,949,949,883,836,836,843,890,957,957,890,843,843,843,890,957,957,890,843,843,843,890,957,1107,1107,1107,1107,1107,1107,1107,1107,1107,1107,1107,1107,1107,1107,1107,1107,1107,1107,1107,1107,1107,1107,1107,1107,1107,1107,1107,1107,1107,1107,1131,1131,1131,1194,1281,1281,1194,1131,1131,1042,1100,1189,1189,1108,1049,1049,1049,1108,1189,1189,1108,1049,1049,1049,1108,1189,1189,1108,1049,1035,1035,988,1062,1062,988,935,935,999,999,1199,1199,999,999,999,935,988,1062,1062,988,935,935,935,988,1062,1062,988,999,999,999,999,1199,1199,999,999,999,999,999,1205,1205,1012,1012,1012,1012,1012,1205,1205,1012,1012,1012,1012,1012,1205,1205,1012,1012,1012,1012,1012,1205,1205,1012,1012,999,999,999,1199,1199,999,999,999,999,999,1199,1199,999,999,999,999,999,1199,1199,999,999,999,999,999,1199,1199,999,999,999,999,999,1199,1199,999,999,999,999,999,1199,1199,999,999,999,999,999,1199,1199,999,999,999,999,999,1199,1199,999,999,999,999,999,1199,1199,999,999,999,999,999,1199,1199,999,999,999,999,999,1199,1199,999,999,999,999,999,1199,1199,999,999,999,999,999,1199,1199,999,999,999,999,999,1199,1199,999,999,999,999,999,1199,1199,999,999,999,999,999,1199,1199,999,999,999,999,999,1199,1199,999,999,999,999,999,1199,1199,999,999,999,999,999,1199",1.31
"Rare Gem! Indoor Pool, Rooftop Deck, Close to Magnificent Mile","97,97,97,101,106,103,106,106,106,106,106,106,106,106,106,310,106,106,106,106,106,106,106,106,106,106,106,106,106,106,106,106,106,106,106,106,106,106,106,106,106,106,106,106,106,106,106,106,106,106,106,106,106,106,106,106,106,106,106,106,106,106,106,106,106,106,106,106,106,106,106,106,106,106,106,135,135,135,135,135,135,135,135,135,210,210,135,135,135,135,135,135,135,135,135,135,135,135,135,135,135,135,135,135,135,135,205,186,186,186,186,186,205,205,186,186,186,186,186,205,205,186,186,222,222,222,222,205,186,186,186,186,186,205,205,186,186,186,186,186,205,205,186,186,186,186,186,205,205,186,186,186,186,186,205,205,248,248,248,186,186,205,205,186,186,186,186,186,310,310,310,310,310,186,186,205,205,186,297,297,297,181,200,200,181,181,181,181,181,200,200,181,181,181,181,181,200,200,181,181,181,181,181,200,200,181,181,181,181,181,200,200,181,181,181,181,181,200,200,181,181,181,181,278,278,278,278,278,181,181,181,200,200,181,181,181,181,181,200,200,181,181,181,181,181,200,200,181,181,181,181,181,200,200,181,181,181,181,181,200,200,181,181,181,181,181,200,200,181,181,181,181,181,200,200,181,181,181,181,181,200,200,181,181,181,181,181,200,200,181,181,181,181,181,278,278,278,181,181,181,181,200,200,181,181,181,181,181,200,200,181,181,181,181,181,200,200,181,181,181,132,132,132,132,132,132,132,132,132,132,132,132,132,132,132,132,132,132,132,132,132,132,132,132,132,132,132,132,132,132,132,132,132,132,132,132,132,132,132,132,132,132,132,132,132",1.31
"Travel Destination! 2 Great Units, Walk to Riverwalk, Magnificent Mile","195,195,197,202,211,211,211,211,211,211,211,211,211,211,211,619,211,211,211,211,211,211,211,211,211,211,211,211,211,211,211,211,211,211,211,211,211,211,211,211,211,211,211,211,211,211,211,211,211,211,211,211,211,211,211,211,211,211,211,211,211,211,211,211,211,211,211,211,211,211,211,216,211,211,211,271,271,271,271,271,271,271,271,271,273,273,273,271,271,271,271,271,271,271,271,271,271,271,271,271,271,271,271,271,271,271,435,395,395,395,395,395,435,435,395,395,395,395,395,435,435,395,395,445,445,445,445,435,395,395,395,395,395,435,435,395,395,395,395,395,435,435,395,395,395,395,395,435,435,395,395,395,395,395,435,435,495,495,495,395,395,435,435,395,395,395,395,395,619,619,619,619,619,395,395,435,435,395,595,595,595,385,424,424,385,385,385,385,385,424,424,385,385,385,385,385,424,424,385,385,385,385,385,424,424,385,385,385,385,385,424,424,385,385,385,385,385,424,424,385,385,385,385,555,555,555,555,555,385,385,385,424,424,385,385,385,385,385,424,424,385,385,385,385,385,424,424,385,385,385,385,385,424,424,385,385,385,385,385,424,424,385,385,385,385,385,424,424,385,385,385,385,385,424,424,385,385,385,385,385,424,424,385,385,385,385,385,424,424,385,385,385,385,385,555,555,555,385,385,385,385,424,424,385,385,385,385,385,424,424,385,385,385,385,385,424,424,385,385,385,264,264,264,264,264,264,264,264,264,264,264,264,264,264,264,264,264,264,264,264,264,264,264,264,264,264,264,264,264,264,264,264,264,264,264,264,264,264,264,264,264,264,264,264,264",1.31
3 Classy Units Just Minutes from Shores of Lake MichiganNavy Pier,"292,292,295,303,317,317,317,317,323,317,317,317,317,317,317,929,317,317,317,317,317,317,317,317,317,317,317,317,317,317,317,317,317,317,317,317,317,317,317,317,317,317,317,317,317,317,317,317,317,317,317,317,317,317,317,317,317,320,317,317,317,317,317,317,317,317,317,317,317,317,317,317,317,317,317,406,406,406,406,406,406,406,406,406,406,406,406,406,406,406,406,406,406,406,406,406,406,406,406,406,406,406,406,406,406,406,653,593,593,593,593,593,653,653,593,593,593,593,593,653,653,593,593,668,668,668,668,653,593,593,593,593,593,653,653,593,593,593,593,593,653,653,593,593,593,593,593,653,653,593,593,593,593,593,653,653,743,743,743,593,593,653,653,593,593,593,593,593,929,929,929,929,929,593,593,653,653,593,892,892,892,578,636,636,578,578,578,578,578,636,636,578,578,578,578,578,636,636,578,578,578,578,578,636,636,578,578,578,578,578,636,636,578,578,578,578,578,636,636,578,578,578,578,832,832,832,832,832,578,578,578,636,636,578,578,578,578,578,636,636,578,578,578,578,578,636,636,578,578,578,578,578,636,636,578,578,578,578,578,636,636,578,578,578,578,578,636,636,578,578,578,578,578,636,636,578,578,578,578,578,636,636,578,578,578,578,578,636,636,578,578,578,578,578,832,832,832,578,578,578,578,636,636,578,578,578,578,578,636,636,578,578,578,578,578,636,636,578,578,578,396,396,396,396,396,396,396,396,396,396,396,396,396,396,396,396,396,396,396,396,396,396,396,396,396,396,396,396,396,396,396,396,396,396,396,396,396,396,396,396,396,396,396,396,396",1.31
"Windy City Getaway! Minutes to Navy Pier, Field Museum, Shedd Aquarium","97,97,98,101,106,106,106,103,106,103,106,106,106,106,106,310,106,106,106,106,106,106,106,106,106,106,106,106,106,106,106,106,106,106,106,106,106,106,106,106,106,106,106,106,106,106,106,106,106,106,106,106,106,106,106,106,106,106,106,106,106,106,106,106,106,106,106,106,106,106,106,106,106,106,106,135,135,135,135,135,135,135,135,135,135,135,135,135,135,135,135,135,135,132,132,132,132,135,135,135,135,135,135,135,135,135,218,198,198,198,198,198,218,218,198,198,198,198,198,218,218,198,198,222,222,222,222,218,198,198,198,198,198,218,218,198,198,198,198,198,218,218,198,198,198,198,198,218,218,198,198,198,198,198,218,218,248,248,248,198,198,218,218,198,198,198,198,198,310,310,310,310,310,198,198,218,218,198,297,297,297,193,212,212,193,193,193,193,193,212,212,193,193,193,193,193,212,212,193,193,193,193,193,212,212,193,193,193,193,193,212,212,193,193,193,193,193,212,212,193,193,193,193,278,278,278,278,278,193,193,193,212,212,193,193,193,193,193,212,212,193,193,193,193,193,212,212,193,193,193,193,193,212,212,193,193,193,193,193,212,212,193,193,193,193,193,212,212,193,193,193,193,193,212,212,193,193,193,193,193,212,212,193,193,193,193,193,212,212,193,193,193,193,193,278,278,278,193,193,193,193,212,212,193,193,193,193,193,212,212,193,193,193,193,193,212,212,193,193,193,132,132,132,132,132,132,132,132,132,132,132,132,132,132,132,132,132,132,132,132,132,132,132,132,132,132,132,132,132,132,132,132,132,132,132,132,132,132,132,132,132,132,132,132,132",1.31
"Your Relaxing Getaway! 2 Convenient Units, Near Navy Pier, Wrigley Field","195,195,197,202,211,211,211,211,211,211,211,211,211,211,211,619,211,211,211,211,211,211,211,211,211,211,211,211,211,211,211,211,211,211,211,211,211,211,211,211,211,211,211,211,211,211,211,211,211,211,211,211,211,211,211,211,211,211,211,211,211,211,211,211,211,211,211,211,211,211,211,216,211,211,211,271,271,271,271,271,271,271,271,271,273,273,273,271,271,271,271,271,271,271,271,271,271,271,271,271,271,271,271,271,271,271,435,395,395,395,395,395,435,435,395,395,395,395,395,435,435,395,395,445,445,445,445,435,395,395,395,395,395,435,435,395,395,395,395,395,435,435,395,395,395,395,395,435,435,395,395,395,395,395,435,435,495,495,495,395,395,435,435,395,395,395,395,395,619,619,619,619,619,395,395,435,435,395,595,595,595,385,424,424,385,385,385,385,385,424,424,385,385,385,385,385,424,424,385,385,385,385,385,424,424,385,385,385,385,385,424,424,385,385,385,385,385,424,424,385,385,385,385,555,555,555,555,555,385,385,385,424,424,385,385,385,385,385,424,424,385,385,385,385,385,424,424,385,385,385,385,385,424,424,385,385,385,385,385,424,424,385,385,385,385,385,424,424,385,385,385,385,385,424,424,385,385,385,385,385,424,424,385,385,385,385,385,424,424,385,385,385,385,385,555,555,555,385,385,385,385,424,424,385,385,385,385,385,424,424,385,385,385,385,385,424,424,385,385,385,264,264,264,264,264,264,264,264,264,264,264,264,264,264,264,264,264,264,264,264,264,264,264,264,264,264,264,264,264,264,264,264,264,264,264,264,264,264,264,264,264,264,264,264,264",1.31
Shop til you drop on the Magnificent Mile! Rooftop Deck,"97,97,98,101,106,106,106,103,106,103,106,106,106,106,106,310,106,106,106,106,106,106,106,106,106,106,106,106,106,106,106,106,106,106,106,106,106,106,106,106,106,106,106,106,106,106,106,106,106,106,106,106,106,106,106,106,106,106,106,106,106,106,106,106,106,106,106,106,106,106,106,106,106,106,106,135,135,135,135,135,135,135,135,135,135,135,135,135,135,135,135,135,135,132,132,132,132,135,135,135,135,135,135,135,135,135,218,198,198,198,198,198,218,218,198,198,198,198,198,218,218,198,198,222,222,222,222,218,198,198,198,198,198,218,218,198,198,198,198,198,218,218,198,198,198,198,198,218,218,198,198,198,198,198,218,218,248,248,248,198,198,218,218,198,198,198,198,198,310,310,310,310,310,198,198,218,218,198,297,297,297,193,212,212,193,193,193,193,193,212,212,193,193,193,193,193,212,212,193,193,193,193,193,212,212,193,193,193,193,193,212,212,193,193,193,193,193,212,212,193,193,193,193,278,278,278,278,278,193,193,193,212,212,193,193,193,193,193,212,212,193,193,193,193,193,212,212,193,193,193,193,193,212,212,193,193,193,193,193,212,212,193,193,193,193,193,212,212,193,193,193,193,193,212,212,193,193,193,193,193,212,212,193,193,193,193,193,212,212,193,193,193,193,193,278,278,278,193,193,193,193,212,212,193,193,193,193,193,212,212,193,193,193,193,193,212,212,193,193,193,132,132,132,132,132,132,132,132,132,132,132,132,132,132,132,132,132,132,132,132,132,132,132,132,132,132,132,132,132,132,132,132,132,132,132,132,132,132,132,132,132,132,132,132,132",1.31
